Entity,Code,Date,Deaths, 2020, all ages,Average deaths, 2015â€“2019, all ages
Austria,AUT,2020-01-05,1609,1809
Austria,AUT,2020-01-12,1702,1857
Austria,AUT,2020-01-19,1797,1786
Austria,AUT,2020-01-26,1779,1747
Austria,AUT,2020-02-02,1947,1819
Austria,AUT,2020-02-09,1680,1837
Austria,AUT,2020-02-16,1721,1813
Austria,AUT,2020-02-23,1717,1822
Austria,AUT,2020-03-01,1768,1816
Austria,AUT,2020-03-08,1744,1754
Austria,AUT,2020-03-15,1718,1711
Austria,AUT,2020-03-22,1836,1598
Austria,AUT,2020-03-29,1764,1646
Austria,AUT,2020-04-05,1828,1585
Austria,AUT,2020-04-12,1793,1546
Austria,AUT,2020-04-19,1704,1523
Austria,AUT,2020-04-26,1588,1470
Austria,AUT,2020-05-03,1480,1465
Austria,AUT,2020-05-10,1519,1439
Austria,AUT,2020-05-17,1488,1463
Austria,AUT,2020-05-24,1480,1422
Austria,AUT,2020-05-31,1412,1414
Austria,AUT,2020-06-07,1490,1412
Austria,AUT,2020-06-14,1460,1443
Austria,AUT,2020-06-21,1412,1408
Austria,AUT,2020-06-28,1435,1400
Austria,AUT,2020-07-05,1558,1435
Austria,AUT,2020-07-12,1383,1377
Austria,AUT,2020-07-19,1443,1470
Austria,AUT,2020-07-26,1446,1489
Austria,AUT,2020-08-02,1516,1505
Austria,AUT,2020-08-09,1420,1426
Austria,AUT,2020-08-16,1594,1461
Austria,AUT,2020-08-23,1455,1434
Belgium,BEL,2020-01-05,2225,2390
Belgium,BEL,2020-01-12,2380,2432
Belgium,BEL,2020-01-19,2305,2423
Belgium,BEL,2020-01-26,2195,2422
Belgium,BEL,2020-02-02,2355,2510
Belgium,BEL,2020-02-09,2161,2488
Belgium,BEL,2020-02-16,2300,2524
Belgium,BEL,2020-02-23,2292,2488
Belgium,BEL,2020-03-01,2236,2545
Belgium,BEL,2020-03-08,2210,2453
Belgium,BEL,2020-03-15,2221,2345
Belgium,BEL,2020-03-22,2547,2322
Belgium,BEL,2020-03-29,3182,2227
Belgium,BEL,2020-04-05,4018,2120
Belgium,BEL,2020-04-12,4281,2095
Belgium,BEL,2020-04-19,3697,2051
Belgium,BEL,2020-04-26,3028,2032
Belgium,BEL,2020-05-03,2410,2012
Belgium,BEL,2020-05-10,2379,2030
Belgium,BEL,2020-05-17,2035,1981
Belgium,BEL,2020-05-24,2064,1970
Belgium,BEL,2020-05-31,1973,1931
Belgium,BEL,2020-06-07,1790,1878
Belgium,BEL,2020-06-14,1888,1861
Belgium,BEL,2020-06-21,1803,1923
Belgium,BEL,2020-06-28,1956,1897
Belgium,BEL,2020-07-05,1759,2023
Belgium,BEL,2020-07-12,1667,1862
Belgium,BEL,2020-07-19,1831,1905
Belgium,BEL,2020-07-26,1784,1996
Belgium,BEL,2020-08-02,1915,1885
Belgium,BEL,2020-08-09,1974,1875
Bulgaria,BGR,2020-01-05,2103,2585
Bulgaria,BGR,2020-01-12,2272,2574
Bulgaria,BGR,2020-01-19,2176,2529
Bulgaria,BGR,2020-01-26,2388,2508
Bulgaria,BGR,2020-02-02,2427,2461
Bulgaria,BGR,2020-02-09,2344,2314
Bulgaria,BGR,2020-02-16,2298,2295
Bulgaria,BGR,2020-02-23,2158,2289
Bulgaria,BGR,2020-03-01,2172,2280
Bulgaria,BGR,2020-03-08,2037,2268
Bulgaria,BGR,2020-03-15,2068,2204
Bulgaria,BGR,2020-03-22,2032,2162
Bulgaria,BGR,2020-03-29,2065,2144
Bulgaria,BGR,2020-04-05,2026,2131
Bulgaria,BGR,2020-04-12,2016,2075
Bulgaria,BGR,2020-04-19,2007,2066
Bulgaria,BGR,2020-04-26,1971,2053
Bulgaria,BGR,2020-05-03,1882,2013
Bulgaria,BGR,2020-05-10,1901,2029
Bulgaria,BGR,2020-05-17,2077,1971
Bulgaria,BGR,2020-05-24,1880,1973
Bulgaria,BGR,2020-05-31,1793,1954
Bulgaria,BGR,2020-06-07,1903,1919
Bulgaria,BGR,2020-06-14,1931,1936
Bulgaria,BGR,2020-06-21,1910,1962
Bulgaria,BGR,2020-06-28,1894,1958
Bulgaria,BGR,2020-07-05,2124,1899
Bulgaria,BGR,2020-07-12,2029,1941
Bulgaria,BGR,2020-07-19,1825,1872
Bulgaria,BGR,2020-07-26,1964,1973
Bulgaria,BGR,2020-08-02,2137,1962
Bulgaria,BGR,2020-08-09,2033,1934
Bulgaria,BGR,2020-08-16,1945,1860
Bulgaria,BGR,2020-08-23,1846,1833
Czech Republic,CZE,2020-01-05,2300,2365
Czech Republic,CZE,2020-01-12,2312,2343
Czech Republic,CZE,2020-01-19,2237,2389
Czech Republic,CZE,2020-01-26,2328,2386
Czech Republic,CZE,2020-02-02,2358,2406
Czech Republic,CZE,2020-02-09,2347,2466
Czech Republic,CZE,2020-02-16,2384,2499
Czech Republic,CZE,2020-02-23,2340,2501
Czech Republic,CZE,2020-03-01,2348,2466
Czech Republic,CZE,2020-03-08,2283,2411
Czech Republic,CZE,2020-03-15,2294,2331
Czech Republic,CZE,2020-03-22,2318,2266
Czech Republic,CZE,2020-03-29,2284,2199
Czech Republic,CZE,2020-04-05,2312,2162
Czech Republic,CZE,2020-04-12,2235,2116
Czech Republic,CZE,2020-04-19,2116,2066
Czech Republic,CZE,2020-04-26,2025,2110
Czech Republic,CZE,2020-05-03,2106,2027
Czech Republic,CZE,2020-05-10,1989,2023
Czech Republic,CZE,2020-05-17,2019,1982
Czech Republic,CZE,2020-05-24,1904,1987
Czech Republic,CZE,2020-05-31,1923,2038
Czech Republic,CZE,2020-06-07,2117,1956
Czech Republic,CZE,2020-06-14,1969,1957
Czech Republic,CZE,2020-06-21,2014,1948
Czech Republic,CZE,2020-06-28,2061,1961
Czech Republic,CZE,2020-07-05,2082,1983
Czech Republic,CZE,2020-07-12,1965,1988
Czech Republic,CZE,2020-07-19,1932,1994
Denmark,DNK,2020-01-05,1116,1121
Denmark,DNK,2020-01-12,1149,1115
Denmark,DNK,2020-01-19,1070,1102
Denmark,DNK,2020-01-26,1026,1100
Denmark,DNK,2020-02-02,1087,1149
Denmark,DNK,2020-02-09,1078,1139
Denmark,DNK,2020-02-16,1057,1167
Denmark,DNK,2020-02-23,1034,1156
Denmark,DNK,2020-03-01,1022,1182
Denmark,DNK,2020-03-08,1061,1170
Denmark,DNK,2020-03-15,1064,1158
Denmark,DNK,2020-03-22,1138,1122
Denmark,DNK,2020-03-29,1109,1085
Denmark,DNK,2020-04-05,1153,1056
Denmark,DNK,2020-04-12,1142,1069
Denmark,DNK,2020-04-19,1075,1025
Denmark,DNK,2020-04-26,1082,983
Denmark,DNK,2020-05-03,1044,1035
Denmark,DNK,2020-05-10,1025,1014
Denmark,DNK,2020-05-17,949,973
Denmark,DNK,2020-05-24,994,968
Denmark,DNK,2020-05-31,964,969
Denmark,DNK,2020-06-07,958,971
Denmark,DNK,2020-06-14,997,974
Denmark,DNK,2020-06-21,947,970
Denmark,DNK,2020-06-28,976,930
Denmark,DNK,2020-07-05,996,943
Denmark,DNK,2020-07-12,956,943
Denmark,DNK,2020-07-19,1023,958
Denmark,DNK,2020-07-26,939,979
Denmark,DNK,2020-08-02,982,966
Denmark,DNK,2020-08-09,955,956
Denmark,DNK,2020-08-16,989,944
Denmark,DNK,2020-08-23,981,969
Denmark,DNK,2020-08-30,929,941
England & Wales,,2020-01-05,12253,12199
England & Wales,,2020-01-12,14057,13822
England & Wales,,2020-01-19,12990,13212
England & Wales,,2020-01-26,11853,12760
England & Wales,,2020-02-02,11612,12202
England & Wales,,2020-02-09,10984,11921
England & Wales,,2020-02-16,10948,11625
England & Wales,,2020-02-23,10840,11544
England & Wales,,2020-03-01,10815,11179
England & Wales,,2020-03-08,10892,11489
England & Wales,,2020-03-15,11017,11203
England & Wales,,2020-03-22,10646,10567
England & Wales,,2020-03-29,11142,10122
England & Wales,,2020-04-05,16387,10304
England & Wales,,2020-04-12,18516,10517
England & Wales,,2020-04-19,22351,10490
England & Wales,,2020-04-26,21997,10456
England & Wales,,2020-05-03,17953,9934
England & Wales,,2020-05-10,12657,9573
England & Wales,,2020-05-17,14573,10189
England & Wales,,2020-05-24,12288,9938
England & Wales,,2020-05-31,9824,8172
England & Wales,,2020-06-07,10709,9974
England & Wales,,2020-06-14,9976,9416
England & Wales,,2020-06-21,9339,9402
England & Wales,,2020-06-28,8979,9293
England & Wales,,2020-07-05,9140,9184
England & Wales,,2020-07-12,8690,9250
England & Wales,,2020-07-19,8823,9092
England & Wales,,2020-07-26,8891,9051
England & Wales,,2020-08-02,8946,9032
England & Wales,,2020-08-09,8945,9100
England & Wales,,2020-08-16,9392,9087
England & Wales,,2020-08-23,9631,9159
England & Wales,,2020-08-30,9032,8239
Estonia,EST,2020-01-05,295,344
Estonia,EST,2020-01-12,331,345
Estonia,EST,2020-01-19,316,331
Estonia,EST,2020-01-26,300,336
Estonia,EST,2020-02-02,308,340
Estonia,EST,2020-02-09,274,341
Estonia,EST,2020-02-16,322,322
Estonia,EST,2020-02-23,334,339
Estonia,EST,2020-03-01,313,333
Estonia,EST,2020-03-08,293,334
Estonia,EST,2020-03-15,340,324
Estonia,EST,2020-03-22,312,312
Estonia,EST,2020-03-29,328,317
Estonia,EST,2020-04-05,312,299
Estonia,EST,2020-04-12,314,304
Estonia,EST,2020-04-19,310,299
Estonia,EST,2020-04-26,326,285
Estonia,EST,2020-05-03,305,289
Estonia,EST,2020-05-10,316,288
Estonia,EST,2020-05-17,289,305
Estonia,EST,2020-05-24,278,287
Estonia,EST,2020-05-31,300,274
Estonia,EST,2020-06-07,271,280
Estonia,EST,2020-06-14,279,269
Estonia,EST,2020-06-21,275,272
Estonia,EST,2020-06-28,289,263
Estonia,EST,2020-07-05,270,262
Estonia,EST,2020-07-12,269,265
Estonia,EST,2020-07-19,280,270
Estonia,EST,2020-07-26,295,281
Estonia,EST,2020-08-02,301,268
Estonia,EST,2020-08-09,287,286
Estonia,EST,2020-08-16,289,278
Estonia,EST,2020-08-23,260,264
Estonia,EST,2020-08-30,293,272
Finland,FIN,2020-01-05,1045,1165
Finland,FIN,2020-01-12,1068,1180
Finland,FIN,2020-01-19,1059,1172
Finland,FIN,2020-01-26,1038,1127
Finland,FIN,2020-02-02,1073,1138
Finland,FIN,2020-02-09,1115,1123
Finland,FIN,2020-02-16,1098,1099
Finland,FIN,2020-02-23,1090,1095
Finland,FIN,2020-03-01,1049,1120
Finland,FIN,2020-03-08,1103,1103
Finland,FIN,2020-03-15,1105,1103
Finland,FIN,2020-03-22,1122,1088
Finland,FIN,2020-03-29,1108,1064
Finland,FIN,2020-04-05,1107,1077
Finland,FIN,2020-04-12,1180,1047
Finland,FIN,2020-04-19,1094,1058
Finland,FIN,2020-04-26,1139,1015
Finland,FIN,2020-05-03,1128,1038
Finland,FIN,2020-05-10,1072,991
Finland,FIN,2020-05-17,1101,971
Finland,FIN,2020-05-24,954,959
Finland,FIN,2020-05-31,986,950
Finland,FIN,2020-06-07,980,966
Finland,FIN,2020-06-14,997,950
Finland,FIN,2020-06-21,1061,967
Finland,FIN,2020-06-28,1014,951
Finland,FIN,2020-07-05,988,946
Finland,FIN,2020-07-12,930,943
Finland,FIN,2020-07-19,1016,960
Finland,FIN,2020-07-26,940,973
Finland,FIN,2020-08-02,957,939
Finland,FIN,2020-08-09,907,925
Finland,FIN,2020-08-16,888,950
Finland,FIN,2020-08-23,638,959
France,FRA,2020-01-05,12721,13445
France,FRA,2020-01-12,13189,13563
France,FRA,2020-01-19,12588,13210
France,FRA,2020-01-26,12323,13071
France,FRA,2020-02-02,12522,13071
France,FRA,2020-02-09,12397,13190
France,FRA,2020-02-16,12248,13024
France,FRA,2020-02-23,11818,12893
France,FRA,2020-03-01,12032,12922
France,FRA,2020-03-08,12123,12623
France,FRA,2020-03-15,12528,12037
France,FRA,2020-03-22,13913,11745
France,FRA,2020-03-29,16167,11642
France,FRA,2020-04-05,18778,11380
France,FRA,2020-04-12,17532,11174
France,FRA,2020-04-19,15367,11028
France,FRA,2020-04-26,12800,10917
France,FRA,2020-05-03,11229,10777
France,FRA,2020-05-10,10991,10639
France,FRA,2020-05-17,10714,10533
France,FRA,2020-05-24,11086,10531
France,FRA,2020-05-31,10373,10265
France,FRA,2020-06-07,10331,10207
France,FRA,2020-06-14,10289,10093
France,FRA,2020-06-21,10324,10365
France,FRA,2020-06-28,10993,10386
France,FRA,2020-07-05,9820,10746
France,FRA,2020-07-12,10008,10219
France,FRA,2020-07-19,9362,10444
France,FRA,2020-07-26,8707,10437
Germany,DEU,2020-01-05,18873,19339
Germany,DEU,2020-01-12,19434,19593
Germany,DEU,2020-01-19,19172,19524
Germany,DEU,2020-01-26,18938,19855
Germany,DEU,2020-02-02,19788,20366
Germany,DEU,2020-02-09,19012,20319
Germany,DEU,2020-02-16,19612,20636
Germany,DEU,2020-02-23,18928,20988
Germany,DEU,2020-03-01,19461,21532
Germany,DEU,2020-03-08,19624,21288
Germany,DEU,2020-03-15,19851,20440
Germany,DEU,2020-03-22,19712,19555
Germany,DEU,2020-03-29,19677,18939
Germany,DEU,2020-04-05,20624,18480
Germany,DEU,2020-04-12,20482,17893
Germany,DEU,2020-04-19,19238,17548
Germany,DEU,2020-04-26,18513,17407
Germany,DEU,2020-05-03,17863,16961
Germany,DEU,2020-05-10,17598,17314
Germany,DEU,2020-05-17,16933,16852
Germany,DEU,2020-05-24,17121,16580
Germany,DEU,2020-05-31,16707,16790
Germany,DEU,2020-06-07,17197,16446
Germany,DEU,2020-06-14,16507,15947
Germany,DEU,2020-06-21,16314,16538
Germany,DEU,2020-06-28,17189,16550
Germany,DEU,2020-07-05,16338,16441
Germany,DEU,2020-07-12,16002,16026
Germany,DEU,2020-07-19,16352,16764
Germany,DEU,2020-07-26,16664,17542
Germany,DEU,2020-08-02,17115,17320
Germany,DEU,2020-08-09,16975,16562
Greece,GRC,2020-01-05,2748,2825
Greece,GRC,2020-01-12,2921,2969
Greece,GRC,2020-01-19,2863,2837
Greece,GRC,2020-01-26,2774,2786
Greece,GRC,2020-02-02,2989,2787
Greece,GRC,2020-02-09,2848,2678
Greece,GRC,2020-02-16,2782,2536
Greece,GRC,2020-02-23,2468,2473
Greece,GRC,2020-03-01,2544,2479
Greece,GRC,2020-03-08,2645,2426
Greece,GRC,2020-03-15,2594,2396
Greece,GRC,2020-03-22,2547,2341
Greece,GRC,2020-03-29,2438,2302
Greece,GRC,2020-04-05,2450,2348
Greece,GRC,2020-04-12,2361,2313
Greece,GRC,2020-04-19,2267,2252
Greece,GRC,2020-04-26,2202,2246
Greece,GRC,2020-05-03,2306,2274
Greece,GRC,2020-05-10,2125,2168
Greece,GRC,2020-05-17,2473,2133
Greece,GRC,2020-05-24,2328,2068
Greece,GRC,2020-05-31,1961,2229
Greece,GRC,2020-06-07,2102,2177
Greece,GRC,2020-06-14,2209,2262
Greece,GRC,2020-06-21,2349,2385
Greece,GRC,2020-06-28,2175,2378
Hungary,HUN,2020-01-05,2609,2885
Hungary,HUN,2020-01-12,2582,2918
Hungary,HUN,2020-01-19,2582,2925
Hungary,HUN,2020-01-26,2720,3017
Hungary,HUN,2020-02-02,2799,3056
Hungary,HUN,2020-02-09,2634,3068
Hungary,HUN,2020-02-16,2749,2983
Hungary,HUN,2020-02-23,2585,2956
Hungary,HUN,2020-03-01,2780,2894
Hungary,HUN,2020-03-08,2605,2812
Hungary,HUN,2020-03-15,2577,2709
Hungary,HUN,2020-03-22,2800,2635
Hungary,HUN,2020-03-29,2590,2592
Hungary,HUN,2020-04-05,2524,2511
Hungary,HUN,2020-04-12,2573,2478
Hungary,HUN,2020-04-19,2508,2430
Hungary,HUN,2020-04-26,2356,2437
Hungary,HUN,2020-05-03,2248,2367
Hungary,HUN,2020-05-10,2293,2315
Hungary,HUN,2020-05-17,2343,2272
Hungary,HUN,2020-05-24,2109,2276
Hungary,HUN,2020-05-31,2190,2287
Hungary,HUN,2020-06-07,2394,2262
Hungary,HUN,2020-06-14,2284,2292
Hungary,HUN,2020-06-21,2065,2250
Hungary,HUN,2020-06-28,2249,2193
Hungary,HUN,2020-07-05,2282,2219
Hungary,HUN,2020-07-12,2123,2281
Hungary,HUN,2020-07-19,2081,2279
Hungary,HUN,2020-07-26,2136,2380
Hungary,HUN,2020-08-02,2216,2309
Hungary,HUN,2020-08-09,2101,2285
Iceland,ISL,2020-01-05,57,46
Iceland,ISL,2020-01-12,55,48
Iceland,ISL,2020-01-19,52,44
Iceland,ISL,2020-01-26,55,45
Iceland,ISL,2020-02-02,39,46
Iceland,ISL,2020-02-16,49,47
Iceland,ISL,2020-02-23,48,46
Iceland,ISL,2020-03-08,49,44
Iceland,ISL,2020-03-22,39,42
Iceland,ISL,2020-03-29,42,47
Iceland,ISL,2020-04-05,50,43
Iceland,ISL,2020-04-12,49,44
Iceland,ISL,2020-04-19,60,49
Iceland,ISL,2020-05-03,43,40
Iceland,ISL,2020-05-10,37,42
Iceland,ISL,2020-05-24,50,44
Iceland,ISL,2020-05-31,50,43
Iceland,ISL,2020-06-14,39,40
Iceland,ISL,2020-06-21,30,37
Iceland,ISL,2020-06-28,34,47
Iceland,ISL,2020-07-05,35,43
Iceland,ISL,2020-07-12,46,38
Iceland,ISL,2020-07-19,42,39
Iceland,ISL,2020-07-26,35,45
Iceland,ISL,2020-08-02,35,36
Iceland,ISL,2020-08-16,36,39
Israel,ISR,2020-01-05,1091,1011
Israel,ISR,2020-01-12,1010,1054
Israel,ISR,2020-01-19,1099,1033
Israel,ISR,2020-01-26,1000,1049
Israel,ISR,2020-02-02,991,1056
Israel,ISR,2020-02-09,944,1052
Israel,ISR,2020-02-16,965,988
Israel,ISR,2020-02-23,988,984
Israel,ISR,2020-03-01,902,961
Israel,ISR,2020-03-08,929,940
Israel,ISR,2020-03-15,963,922
Israel,ISR,2020-03-22,892,863
Israel,ISR,2020-03-29,979,889
Israel,ISR,2020-04-05,1029,869
Israel,ISR,2020-04-12,876,836
Israel,ISR,2020-04-19,925,825
Israel,ISR,2020-04-26,897,852
Israel,ISR,2020-05-03,830,816
Israel,ISR,2020-05-10,857,817
Israel,ISR,2020-05-17,846,801
Israel,ISR,2020-05-24,959,799
Israel,ISR,2020-05-31,835,788
Israel,ISR,2020-06-07,805,774
Israel,ISR,2020-06-14,783,753
Israel,ISR,2020-06-21,791,764
Israel,ISR,2020-06-28,775,759
Israel,ISR,2020-07-05,774,770
Israel,ISR,2020-07-12,831,758
Israel,ISR,2020-07-19,822,757
Israel,ISR,2020-07-26,791,790
Israel,ISR,2020-08-02,881,765
Israel,ISR,2020-08-09,739,784
Israel,ISR,2020-08-16,679,767
Italy,ITA,2020-01-05,12707,14455
Italy,ITA,2020-01-12,13227,14690
Italy,ITA,2020-01-19,13303,14452
Italy,ITA,2020-01-26,13261,13959
Italy,ITA,2020-02-02,13128,13866
Italy,ITA,2020-02-09,12839,13428
Italy,ITA,2020-02-16,12896,13258
Italy,ITA,2020-02-23,12544,13020
Italy,ITA,2020-03-01,13011,12953
Italy,ITA,2020-03-08,14029,12667
Italy,ITA,2020-03-15,17499,12335
Italy,ITA,2020-03-22,21103,11857
Italy,ITA,2020-03-29,22448,11818
Italy,ITA,2020-04-05,19640,11608
Italy,ITA,2020-04-12,17724,11380
Italy,ITA,2020-04-19,15553,11225
Italy,ITA,2020-04-26,13643,11036
Italy,ITA,2020-05-03,12257,10888
Italy,ITA,2020-05-10,11676,10883
Italy,ITA,2020-05-17,11057,10608
Italy,ITA,2020-05-24,10510,10692
Italy,ITA,2020-05-31,10021,10458
Italy,ITA,2020-06-07,10093,10728
Italy,ITA,2020-06-14,9589,10627
Italy,ITA,2020-06-21,9899,10524
Italy,ITA,2020-06-28,10603,10581
Latvia,LVA,2020-01-05,597,612
Latvia,LVA,2020-01-12,587,619
Latvia,LVA,2020-01-19,538,631
Latvia,LVA,2020-01-26,553,615
Latvia,LVA,2020-02-02,550,606
Latvia,LVA,2020-02-09,532,588
Latvia,LVA,2020-02-16,544,606
Latvia,LVA,2020-02-23,545,625
Latvia,LVA,2020-03-01,447,629
Latvia,LVA,2020-03-08,481,620
Latvia,LVA,2020-03-15,513,594
Latvia,LVA,2020-03-22,566,604
Latvia,LVA,2020-03-29,529,596
Latvia,LVA,2020-04-05,561,583
Latvia,LVA,2020-04-12,491,575
Latvia,LVA,2020-04-19,573,552
Latvia,LVA,2020-04-26,533,546
Latvia,LVA,2020-05-03,533,511
Latvia,LVA,2020-05-10,578,541
Latvia,LVA,2020-05-17,521,531
Latvia,LVA,2020-05-24,557,522
Latvia,LVA,2020-05-31,505,526
Latvia,LVA,2020-06-07,504,503
Latvia,LVA,2020-06-14,528,481
Latvia,LVA,2020-06-21,499,529
Latvia,LVA,2020-06-28,479,500
Latvia,LVA,2020-07-05,605,496
Latvia,LVA,2020-07-12,468,507
Latvia,LVA,2020-07-19,503,531
Latvia,LVA,2020-07-26,494,497
Latvia,LVA,2020-08-02,499,495
Latvia,LVA,2020-08-09,463,478
Latvia,LVA,2020-08-16,511,494
Latvia,LVA,2020-08-23,549,496
Latvia,LVA,2020-08-30,504,481
Latvia,LVA,2020-09-06,459,476
Lithuania,LTU,2020-01-05,808,863
Lithuania,LTU,2020-01-12,800,874
Lithuania,LTU,2020-01-19,787,920
Lithuania,LTU,2020-01-26,784,911
Lithuania,LTU,2020-02-02,762,912
Lithuania,LTU,2020-02-09,762,900
Lithuania,LTU,2020-02-16,809,876
Lithuania,LTU,2020-02-23,707,896
Lithuania,LTU,2020-03-01,806,865
Lithuania,LTU,2020-03-08,773,841
Lithuania,LTU,2020-03-15,772,819
Lithuania,LTU,2020-03-22,802,804
Lithuania,LTU,2020-03-29,814,786
Lithuania,LTU,2020-04-05,774,796
Lithuania,LTU,2020-04-12,802,789
Lithuania,LTU,2020-04-19,782,785
Lithuania,LTU,2020-04-26,785,763
Lithuania,LTU,2020-05-03,769,749
Lithuania,LTU,2020-05-10,716,763
Lithuania,LTU,2020-05-17,730,736
Lithuania,LTU,2020-05-24,714,776
Lithuania,LTU,2020-05-31,745,750
Lithuania,LTU,2020-06-07,731,742
Lithuania,LTU,2020-06-14,817,712
Lithuania,LTU,2020-06-21,759,711
Lithuania,LTU,2020-06-28,808,729
Lithuania,LTU,2020-07-05,685,697
Lithuania,LTU,2020-07-12,698,702
Lithuania,LTU,2020-07-19,757,705
Lithuania,LTU,2020-07-26,684,739
Lithuania,LTU,2020-08-02,697,696
Luxembourg,LUX,2020-01-05,63,87
Luxembourg,LUX,2020-01-12,87,95
Luxembourg,LUX,2020-01-19,90,87
Luxembourg,LUX,2020-01-26,87,89
Luxembourg,LUX,2020-02-02,88,97
Luxembourg,LUX,2020-02-09,90,97
Luxembourg,LUX,2020-02-16,69,97
Luxembourg,LUX,2020-03-01,74,88
Luxembourg,LUX,2020-03-15,91,82
Luxembourg,LUX,2020-03-22,89,86
Luxembourg,LUX,2020-03-29,112,86
Luxembourg,LUX,2020-04-05,90,84
Luxembourg,LUX,2020-04-12,116,72
Luxembourg,LUX,2020-04-19,89,79
Luxembourg,LUX,2020-04-26,84,74
Luxembourg,LUX,2020-05-03,69,72
Luxembourg,LUX,2020-05-10,89,70
Luxembourg,LUX,2020-05-17,77,71
Luxembourg,LUX,2020-05-24,78,76
Luxembourg,LUX,2020-06-07,73,74
Luxembourg,LUX,2020-06-14,69,75
Luxembourg,LUX,2020-06-21,78,67
Luxembourg,LUX,2020-06-28,68,69
Netherlands,NLD,2020-01-05,3102,3282
Netherlands,NLD,2020-01-12,3364,3354
Netherlands,NLD,2020-01-19,3154,3290
Netherlands,NLD,2020-01-26,3044,3337
Netherlands,NLD,2020-02-02,3160,3310
Netherlands,NLD,2020-02-09,3193,3291
Netherlands,NLD,2020-02-16,3198,3334
Netherlands,NLD,2020-02-23,2957,3389
Netherlands,NLD,2020-03-01,3095,3310
Netherlands,NLD,2020-03-08,3102,3340
Netherlands,NLD,2020-03-15,3216,3192
Netherlands,NLD,2020-03-22,3612,3068
Netherlands,NLD,2020-03-29,4458,3043
Netherlands,NLD,2020-04-05,5084,2912
Netherlands,NLD,2020-04-12,4974,2847
Netherlands,NLD,2020-04-19,4298,2833
Netherlands,NLD,2020-04-26,3903,2796
Netherlands,NLD,2020-05-03,3377,2731
Netherlands,NLD,2020-05-10,2980,2783
Netherlands,NLD,2020-05-17,2772,2725
Netherlands,NLD,2020-05-24,2765,2721
Netherlands,NLD,2020-05-31,2720,2712
Netherlands,NLD,2020-06-07,2680,2645
Netherlands,NLD,2020-06-14,2686,2631
Netherlands,NLD,2020-06-21,2684,2617
Netherlands,NLD,2020-06-28,2656,2662
Netherlands,NLD,2020-07-05,2626,2740
Netherlands,NLD,2020-07-12,2596,2635
Netherlands,NLD,2020-07-19,2496,2658
Netherlands,NLD,2020-07-26,2668,2688
Netherlands,NLD,2020-08-02,2641,2600
Netherlands,NLD,2020-08-09,2625,2629
Netherlands,NLD,2020-08-16,3189,2573
Netherlands,NLD,2020-08-23,2810,2602
Norway,NOR,2020-01-05,860,924
Norway,NOR,2020-01-12,948,918
Norway,NOR,2020-01-19,836,907
Norway,NOR,2020-01-26,862,885
Norway,NOR,2020-02-02,815,895
Norway,NOR,2020-02-09,799,864
Norway,NOR,2020-02-16,857,876
Norway,NOR,2020-02-23,813,868
Norway,NOR,2020-03-01,838,877
Norway,NOR,2020-03-08,799,868
Norway,NOR,2020-03-15,824,828
Norway,NOR,2020-03-22,807,817
Norway,NOR,2020-03-29,854,781
Norway,NOR,2020-04-05,832,799
Norway,NOR,2020-04-12,839,786
Norway,NOR,2020-04-19,814,766
Norway,NOR,2020-04-26,774,780
Norway,NOR,2020-05-03,752,742
Norway,NOR,2020-05-10,740,736
Norway,NOR,2020-05-17,685,725
Norway,NOR,2020-05-24,739,732
Norway,NOR,2020-05-31,662,714
Norway,NOR,2020-06-07,676,714
Norway,NOR,2020-06-14,727,723
Norway,NOR,2020-06-21,738,724
Norway,NOR,2020-06-28,681,734
Norway,NOR,2020-07-05,691,749
Norway,NOR,2020-07-12,665,718
Norway,NOR,2020-07-19,741,723
Norway,NOR,2020-07-26,726,722
Norway,NOR,2020-08-02,737,693
Norway,NOR,2020-08-09,719,718
Norway,NOR,2020-08-16,704,709
Norway,NOR,2020-08-23,675,717
Norway,NOR,2020-08-30,547,733
Poland,POL,2020-01-05,8438,8504
Poland,POL,2020-01-12,8237,8513
Poland,POL,2020-01-19,8056,8539
Poland,POL,2020-01-26,8014,8615
Poland,POL,2020-02-02,8554,8872
Poland,POL,2020-02-09,8342,8820
Poland,POL,2020-02-16,8620,8878
Poland,POL,2020-02-23,8470,8790
Poland,POL,2020-03-01,8469,8788
Poland,POL,2020-03-08,8359,8629
Poland,POL,2020-03-15,8404,8408
Poland,POL,2020-03-22,8315,8275
Poland,POL,2020-03-29,8143,8146
Poland,POL,2020-04-05,7987,7957
Poland,POL,2020-04-12,7986,7804
Poland,POL,2020-04-19,8177,7607
Poland,POL,2020-04-26,7736,7617
Poland,POL,2020-05-03,7754,7425
Poland,POL,2020-05-10,7569,7285
Poland,POL,2020-05-17,7549,7167
Poland,POL,2020-05-24,7537,7265
Poland,POL,2020-05-31,7626,7238
Poland,POL,2020-06-07,7798,7207
Poland,POL,2020-06-14,7730,7194
Poland,POL,2020-06-21,7387,7161
Poland,POL,2020-06-28,7359,7004
Portugal,PRT,2020-01-05,2498,2794
Portugal,PRT,2020-01-12,2654,2808
Portugal,PRT,2020-01-19,2762,2859
Portugal,PRT,2020-01-26,2662,2826
Portugal,PRT,2020-02-02,2678,2687
Portugal,PRT,2020-02-09,2476,2647
Portugal,PRT,2020-02-16,2274,2643
Portugal,PRT,2020-02-23,2356,2508
Portugal,PRT,2020-03-01,2299,2463
Portugal,PRT,2020-03-08,2174,2338
Portugal,PRT,2020-03-15,2343,2276
Portugal,PRT,2020-03-22,2431,2212
Portugal,PRT,2020-03-29,2536,2161
Portugal,PRT,2020-04-05,2650,2185
Portugal,PRT,2020-04-12,2603,2108
Portugal,PRT,2020-04-19,2382,2009
Portugal,PRT,2020-04-26,2304,1989
Portugal,PRT,2020-05-03,2157,1975
Portugal,PRT,2020-05-10,2160,1919
Portugal,PRT,2020-05-17,2051,1957
Portugal,PRT,2020-05-24,2056,1917
Portugal,PRT,2020-05-31,2325,1916
Portugal,PRT,2020-06-07,2015,1879
Portugal,PRT,2020-06-14,1862,1874
Portugal,PRT,2020-06-21,1933,1984
Portugal,PRT,2020-06-28,2107,1852
Portugal,PRT,2020-07-05,2010,1811
Portugal,PRT,2020-07-12,2176,1843
Portugal,PRT,2020-07-19,2558,1835
Scotland,,2020-01-05,1161,1276
Scotland,,2020-01-12,1567,1560
Scotland,,2020-01-19,1322,1382
Scotland,,2020-01-26,1226,1317
Scotland,,2020-02-02,1188,1280
Scotland,,2020-02-09,1216,1254
Scotland,,2020-02-16,1162,1259
Scotland,,2020-02-23,1162,1247
Scotland,,2020-03-01,1171,1165
Scotland,,2020-03-08,1208,1229
Scotland,,2020-03-15,1198,1169
Scotland,,2020-03-22,1196,1120
Scotland,,2020-03-29,1079,1118
Scotland,,2020-04-05,1744,1098
Scotland,,2020-04-12,1978,1100
Scotland,,2020-04-19,1916,1067
Scotland,,2020-04-26,1836,1087
Scotland,,2020-05-03,1679,1079
Scotland,,2020-05-10,1435,1034
Scotland,,2020-05-17,1421,1064
Scotland,,2020-05-24,1226,1045
Scotland,,2020-05-31,1128,1017
Scotland,,2020-06-07,1093,1056
Scotland,,2020-06-14,1034,1000
Scotland,,2020-06-21,1065,1019
Scotland,,2020-06-28,1008,1026
Scotland,,2020-07-05,983,1018
Scotland,,2020-07-12,976,1025
Scotland,,2020-07-19,1033,996
Scotland,,2020-07-26,961,977
Scotland,,2020-08-02,1043,994
Scotland,,2020-08-09,1002,1003
Slovakia,SVK,2020-01-05,1085,1159
Slovakia,SVK,2020-01-12,1099,1158
Slovakia,SVK,2020-01-19,1080,1200
Slovakia,SVK,2020-01-26,1100,1160
Slovakia,SVK,2020-02-02,1151,1221
Slovakia,SVK,2020-02-09,1095,1193
Slovakia,SVK,2020-02-16,1175,1188
Slovakia,SVK,2020-02-23,1084,1190
Slovakia,SVK,2020-03-01,1146,1192
Slovakia,SVK,2020-03-08,1119,1146
Slovakia,SVK,2020-03-15,1108,1102
Slovakia,SVK,2020-03-22,1183,1080
Slovakia,SVK,2020-03-29,1049,1051
Slovakia,SVK,2020-04-05,1076,1016
Slovakia,SVK,2020-04-12,990,1046
Slovakia,SVK,2020-04-19,951,1005
Slovakia,SVK,2020-04-26,970,1009
Slovakia,SVK,2020-05-03,962,979
Slovakia,SVK,2020-05-10,986,954
Slovakia,SVK,2020-05-17,968,944
Slovakia,SVK,2020-05-24,942,961
Slovakia,SVK,2020-05-31,896,954
Slovakia,SVK,2020-06-07,942,922
Slovakia,SVK,2020-06-14,960,972
Slovakia,SVK,2020-06-21,888,955
Slovakia,SVK,2020-06-28,915,927
Slovakia,SVK,2020-07-05,921,937
Slovakia,SVK,2020-07-12,897,942
Slovakia,SVK,2020-07-19,876,948
Slovakia,SVK,2020-07-26,876,1023
Slovenia,SVN,2020-01-05,419,442
Slovenia,SVN,2020-01-12,426,456
Slovenia,SVN,2020-01-19,429,466
Slovenia,SVN,2020-01-26,454,475
Slovenia,SVN,2020-02-02,474,487
Slovenia,SVN,2020-02-09,447,459
Slovenia,SVN,2020-02-16,499,462
Slovenia,SVN,2020-02-23,439,453
Slovenia,SVN,2020-03-01,430,460
Slovenia,SVN,2020-03-08,422,409
Slovenia,SVN,2020-03-15,434,439
Slovenia,SVN,2020-03-22,442,418
Slovenia,SVN,2020-03-29,388,425
Spain,ESP,2020-01-05,8900,9864
Spain,ESP,2020-01-12,9612,10285
Spain,ESP,2020-01-19,10109,10463
Spain,ESP,2020-01-26,9605,10130
Spain,ESP,2020-02-02,9647,10000
Spain,ESP,2020-02-09,9398,9718
Spain,ESP,2020-02-16,8987,9563
Spain,ESP,2020-02-23,8509,9357
Spain,ESP,2020-03-01,7998,9118
Spain,ESP,2020-03-08,8647,8816
Spain,ESP,2020-03-15,9280,8513
Spain,ESP,2020-03-22,12671,8237
Spain,ESP,2020-03-29,19220,8273
Spain,ESP,2020-04-05,20654,8118
Spain,ESP,2020-04-12,17231,7987
Spain,ESP,2020-04-19,13129,7786
Spain,ESP,2020-04-26,10341,7683
Spain,ESP,2020-05-03,8833,7518
Spain,ESP,2020-05-10,8587,7556
Spain,ESP,2020-05-17,7586,7523
Spain,ESP,2020-05-24,7650,7432
Spain,ESP,2020-05-31,7215,7274
Spain,ESP,2020-06-07,7211,7326
Spain,ESP,2020-06-14,6939,7255
Spain,ESP,2020-06-21,7150,7446
Spain,ESP,2020-06-28,7633,7371
Spain,ESP,2020-07-05,7735,7632
Spain,ESP,2020-07-12,7832,7562
Spain,ESP,2020-07-19,7702,7456
Spain,ESP,2020-07-26,7913,7364
Spain,ESP,2020-08-02,8599,7446
Spain,ESP,2020-08-09,8494,7391
Spain,ESP,2020-08-16,8215,7121
Spain,ESP,2020-08-23,7767,7025
Spain,ESP,2020-08-30,7408,6978
Sweden,SWE,2020-01-05,1820,1975
Sweden,SWE,2020-01-12,1890,1953
Sweden,SWE,2020-01-19,1827,1947
Sweden,SWE,2020-01-26,1730,1924
Sweden,SWE,2020-02-02,1847,1887
Sweden,SWE,2020-02-09,1727,1890
Sweden,SWE,2020-02-16,1825,1927
Sweden,SWE,2020-02-23,1776,1991
Sweden,SWE,2020-03-01,1779,1977
Sweden,SWE,2020-03-08,1825,1915
Sweden,SWE,2020-03-15,1730,1900
Sweden,SWE,2020-03-22,1863,1798
Sweden,SWE,2020-03-29,2038,1821
Sweden,SWE,2020-04-05,2382,1804
Sweden,SWE,2020-04-12,2569,1747
Sweden,SWE,2020-04-19,2524,1761
Sweden,SWE,2020-04-26,2267,1695
Sweden,SWE,2020-05-03,2238,1649
Sweden,SWE,2020-05-10,2180,1637
Sweden,SWE,2020-05-17,1986,1572
Sweden,SWE,2020-05-24,1917,1562
Sweden,SWE,2020-05-31,1655,1562
Sweden,SWE,2020-06-07,1747,1537
Sweden,SWE,2020-06-14,1721,1525
Sweden,SWE,2020-06-21,1667,1536
Sweden,SWE,2020-06-28,1667,1560
Sweden,SWE,2020-07-05,1561,1579
Sweden,SWE,2020-07-12,1568,1567
Sweden,SWE,2020-07-19,1507,1573
Sweden,SWE,2020-07-26,1531,1562
Sweden,SWE,2020-08-02,1542,1582
Sweden,SWE,2020-08-09,1560,1530
Sweden,SWE,2020-08-16,1494,1528
Sweden,SWE,2020-08-23,1537,1539
Sweden,SWE,2020-08-30,1368,1588
Switzerland,CHE,2020-01-05,1309,1469
Switzerland,CHE,2020-01-12,1357,1480
Switzerland,CHE,2020-01-19,1407,1489
Switzerland,CHE,2020-01-26,1409,1458
Switzerland,CHE,2020-02-02,1419,1467
Switzerland,CHE,2020-02-09,1384,1502
Switzerland,CHE,2020-02-16,1379,1507
Switzerland,CHE,2020-02-23,1363,1508
Switzerland,CHE,2020-03-01,1343,1521
Switzerland,CHE,2020-03-08,1354,1447
Switzerland,CHE,2020-03-15,1387,1388
Switzerland,CHE,2020-03-22,1523,1340
Switzerland,CHE,2020-03-29,1610,1283
Switzerland,CHE,2020-04-05,1869,1300
Switzerland,CHE,2020-04-12,1635,1235
Switzerland,CHE,2020-04-19,1562,1228
Switzerland,CHE,2020-04-26,1361,1199
Switzerland,CHE,2020-05-03,1243,1228
Switzerland,CHE,2020-05-10,1172,1196
Switzerland,CHE,2020-05-17,1142,1174
Switzerland,CHE,2020-05-24,1183,1207
Switzerland,CHE,2020-05-31,1090,1156
Switzerland,CHE,2020-06-07,1156,1162
Switzerland,CHE,2020-06-14,1135,1138
Switzerland,CHE,2020-06-21,1135,1174
Switzerland,CHE,2020-06-28,1158,1192
Switzerland,CHE,2020-07-05,1154,1191
Switzerland,CHE,2020-07-12,1143,1182
Switzerland,CHE,2020-07-19,1085,1222
Switzerland,CHE,2020-07-26,1111,1192
Switzerland,CHE,2020-08-02,1212,1171
Switzerland,CHE,2020-08-09,1079,1165
Switzerland,CHE,2020-08-16,1097,1164
Switzerland,CHE,2020-08-23,969,1177
United States,USA,2020-01-05,59942,59860
United States,USA,2020-01-12,60435,60813
United States,USA,2020-01-19,59007,59686
United States,USA,2020-01-26,58624,58575
United States,USA,2020-02-02,58423,57936
United States,USA,2020-02-09,59145,58203
United States,USA,2020-02-16,58553,57671
United States,USA,2020-02-23,58562,57027
United States,USA,2020-03-01,59005,56677
United States,USA,2020-03-08,59320,56977
United States,USA,2020-03-15,58077,56115
United States,USA,2020-03-22,58769,55759
United States,USA,2020-03-29,62677,54877
United States,USA,2020-04-05,71920,54818
United States,USA,2020-04-12,78671,54346
United States,USA,2020-04-19,76376,53507
United States,USA,2020-04-26,73414,52655
United States,USA,2020-05-03,68808,52617
United States,USA,2020-05-10,66404,52037
United States,USA,2020-05-17,64055,51554
United States,USA,2020-05-24,61126,51074
United States,USA,2020-05-31,59156,50883
United States,USA,2020-06-07,58248,51097
United States,USA,2020-06-14,57312,50890
United States,USA,2020-06-21,57146,50644
United States,USA,2020-06-28,57489,50488
United States,USA,2020-07-05,58281,50773
United States,USA,2020-07-12,59475,50322
United States,USA,2020-07-19,59982,50165
United States,USA,2020-07-26,60153,49894
United States,USA,2020-08-02,58605,49966
United States,USA,2020-08-09,56361,50062
United States,USA,2020-08-16,51560,49838
United States,USA,2020-08-23,40155,49773